letter,amino_acid,code,composition,smiles,codons,isoelectric,carb_pKa,amino_pKa,side_pKa,polarity,mono_mass,avg_mass,cid_number,properties
A,alanine,ala,C3H5NO,CC(C(=O)O)N,"{""GCU"", ""GCC"", ""GCA"", ""GCG""}",6.01,2.35,9.87,-,non,71.03711381,71.0779,CID5950,"{""aliphatic""}"
R,arginine,arg,C6H12N4O,NC(CCCN=C(N)N)C(O)=O,"{""CGU"", ""CGC"", ""CGA"", ""CGG"", ""AGA"", ""AGG""}",10.76,1.8,8.99,12.48,basic,156.1011111,156.18568,CID6322,"{""hydrophilic"",""basic""}"
N,asparagine,asn,C4H6N2O2,C(C(C(=O)O)N)C(=O)N,"{""AAU"", ""AAC""}",5.41,2.14,8.72,-,polar,114.0429275,114.10264,CID236,"{""non-charged"",""amidic""}"
D,aspartic acid,asp,C4H5NO3,C(C(C(=O)O)N)C(=O)O,"{""GAU"", ""GAC""}",2.85,1.99,9.9,3.9,acidic,115.0269431,115.0874,CID5960,"{""hydrophilic"",""acidic""}"
C,cysteine,cys,C3H5NOS,C(C(C(=O)O)N)S,"{""UGU"", ""UGC""}",5.05,1.92,10.7,8.18,non,103.0091845,103.1429,CID5862,"{""non-charged"",""sulfur""}"
E,glutamic acid,glu,C5H7NO3,C(CC(=O)O)C(C(=O)O)N,"{""GAA"", ""GAG""}",3.15,2.1,9.47,4.07,acidic,129.0425931,129.11398,CID33032,"{""hydrophilic"", ""acidic""}"
Q,glutamine,gln,C5H8N2O2,C(CC(=O)N)C(C(=O)[O-])[NH3+],"{""CAA"", ""CAG""}",5.65,2.17,9.13,-,polar,128.0585775,128.12922,CID6992086,"{""non-charged"", ""amidic""}"
G,glycine,gly,C2H3NO,C(C(=O)O)N,"{""GGU"", ""GGC"", ""GGA"", ""GGG""}",6.06,2.35,9.78,-,non,57.02146374,57.05132,CID750,"{""aliphatic""}"
H,histidine,his,C6H7N3O,C1=C(NC=N1)CC(C(=O)O)N,"{""CAU"", ""CAC""}",7.60,1.8,9.33,6.04,basic,137.0589119,137.13928,CID6274,"{""hydrophilic"",""basic""}"
I,isoleucine,ile,C6H11NO,CCC(C)C(C(=O)O)N,"{""AUU"", ""AUC"", ""AUA""}",6.05,2.32,9.76,-,non,113.084064,113.15764,CID791,"{""aliphatic""}"
L,leucine,leu,C6H11NO,CC(C)CC(C(=O)O)N,"{""UUA"", ""UUG"", ""CUU"", ""CUC"", ""CUA"", ""CUG""}",6.01,2.33,9.74,-,non,113.084064,113.15764,CID6106,"{""aliphatic""}"
K,lysine,lys,C6H12N2O,C(CCN)CC(C(=O)O)N,"{""AAA"", ""AAG""}",9.60,2.16,9.06,10.54,basic,128.0949631,128.17228,CID5962,"{""hydrophilic"", ""basic""}"
M,methionine,met,C5H9NOS,CSCCC(C(=O)O)N,"{""AUG""}",5.74,2.13,9.28,-,non,131.0404846,131.19606,CID876,"{""non-charged"", ""sulfur""}"
F,phenylalanine,phe,C9H9NO,C1=CC=C(C=C1)CC(C(=O)O)N,"{""UUU"", ""UUC""}",5.49,2.2,9.31,-,non,147.0684139,147.17386,CID6140,"{""aromatic""}"
P,proline,pro,C5H7NO,C1CC(NC1)C(=O)O,"{""CCU"", ""CCC"", ""CCA"", ""CCG""}",6.30,1.95,10.64,-,non,97.05276388,97.11518,CID145742,"{""aliphatic"", ""imino""}"
S,serine,ser,C3H5NO2,C(C(C(=O)O)N)O,"{""UCU"", ""UCC"", ""UCA"", ""UCG"", ""AGU"", ""AGC""}",5.68,2.19,9.21,-,polar,87.03202844,87.0773,CID617,"{""non-charged"", ""hydroxylic""}"
T,threonine,thr,C4H7NO2,CC(C(C(=O)[O-])[NH3+])O,"{""ACU"", ""ACC"", ""ACA"", ""ACG""}",5.60,2.09,9.1,-,polar,101.0476785,101.10388,CID6971019,"{""non-charged"", ""hydroxylic""}"
W,tryptophan,trp,C11H10N2O,C1=CC=C2C(=C1)C(=CN2)CC(C(=O)[O-])[NH3+],"{""UGG""}",5.89,2.46,9.41,-,non,186.079313,186.2099,CID6923516,"{""aromatic""}"
Y,tyrosine,tyr,C9H9NO2,C1=CC(=CC=C1CC(C(=O)O)N)O,"{""UAU"", ""UAC""}",5.64,2.2,9.21,10.46,polar,163.0633286,163.17326,CID6057,"{""aromatic""}"
V,valine,val,C5H9NO,CC(C)C(C(=O)[O-])[NH3+],"{""GUU"", ""GUC"", ""GUA"", ""GUG""}",6.00,2.39,9.74,-,non,99.06841395,99.13106,CID6971018,"{""aliphatic""}"
*,stop,-,-,-,"{""UAA"", ""UAG"", ""UGA""}",-,-,-,-,-,-,-,-,-